A,B,C,Y,D,E
1.7,0,0.72327754,14.46,0.13018,0.04371
1.7,0,0.72327754,19.14,0.13018,0.04195
1.7,0,0.72327754,-44.84,0.8,0.3
1.7,0,0.72327754,11.36,0.2508,0.05376
1.7,0,0.72327754,-2.42,0.4,0.095
1.7,0,0.72327754,6.56,0.29993,0.06494
1.7,0,0.72327754,10.76,0.2014,0.05866
1.7,0,0.72327754,11.3,0.1,0.0426
1.7,0,0.72327754,10.06,0.1,0.02768
1.7,0,0.72327754,-42.54,0.9994,0.19561
1.7,0,0.72327754,15.62,0.1998,0.05463
1.7,0,0.72327754,8.58,0.3,0.0593
1.7,0,0.72327754,5.68,0.3,0.106
1.7,0,0.72327754,15.38,0.10014,0.03501
1.7,0,0.72327754,26.7,0.10014,0.03426
1.7,0,0.72327754,-16.52,0.5,0.2132
1.7,0,0.72327754,-13.74,0.5,0.15
1.7,0,0.72327754,43.64,0.1502,0.04501
1.7,0,0.72327754,11.02,0.15,0.03459
1.7,0,0.72327754,11.66,0.12,0.03295
1.7,0,0.72327754,11.52,0.24986,0.06002
1.7,0,0.72327754,-39.4,1.14,0.13391
1.7,0,0.72327754,15.34,0.40007,0.075
1.7,0,0.72327754,9.04,0.1482,0.04397
1.7,0,0.75853942,13.12,0.13018,0.04371
1.7,0,0.75853942,16.76,0.13018,0.04195
1.7,0,0.75853942,-58.8,0.8,0.3
1.7,0,0.75853942,8.84,0.2508,0.05376
1.7,0,0.75853942,-8.08,0.4,0.095
1.7,0,0.75853942,2.06,0.29993,0.06494
1.7,0,0.75853942,7.34,0.2014,0.05866
1.7,0,0.75853942,10.46,0.1,0.0426
1.7,0,0.75853942,9.1,0.1,0.02768
1.7,0,0.75853942,-61.34,0.9994,0.19561
1.7,0,0.75853942,13.54,0.1998,0.05463
1.7,0,0.75853942,4.3,0.3,0.0593
1.7,0,0.75853942,0.86,0.3,0.106
1.7,0,0.75853942,14.34,0.10014,0.03501
1.7,0,0.75853942,25.78,0.10014,0.03426
1.7,0,0.75853942,-29.8,0.5,0.2132
1.7,0,0.75853942,-22.94,0.5,0.15
1.7,0,0.75853942,40.28,0.1502,0.04501
1.7,0,0.75853942,9.38,0.15,0.03459
1.7,0,0.75853942,10.96,0.12,0.03295
1.7,0,0.75853942,9.48,0.24986,0.06002
1.7,0,0.75853942,-53.78,1.14,0.13391
1.7,0,0.75853942,0.94,0.40007,0.075
1.7,0,0.75853942,7.34,0.1482,0.04397
1.7,0,0.76864088,12.54,0.13018,0.04371
1.7,0,0.76864088,15.76,0.13018,0.04195
1.7,0,0.76864088,-65.4,0.8,0.3
1.7,0,0.76864088,8.64,0.2508,0.05376
1.7,0,0.76864088,-9.16,0.4,0.095
1.7,0,0.76864088,-0.94,0.29993,0.06494
1.7,0,0.76864088,6.66,0.2014,0.05866
1.7,0,0.76864088,9.26,0.1,0.0426
1.7,0,0.76864088,8.36,0.1,0.02768
1.7,0,0.76864088,-72.12,0.9994,0.19561
1.7,0,0.76864088,14.52,0.1998,0.05463
1.7,0,0.76864088,2.46,0.3,0.0593
1.7,0,0.76864088,-3.18,0.3,0.106
1.7,0,0.76864088,13.48,0.10014,0.03501
1.7,0,0.76864088,23.78,0.10014,0.03426
1.7,0,0.76864088,-33.84,0.5,0.2132
1.7,0,0.76864088,-27.72,0.5,0.15
1.7,0,0.76864088,35.7,0.1502,0.04501
1.7,0,0.76864088,8.78,0.15,0.03459
1.7,0,0.76864088,10.23,0.12,0.03295
1.7,0,0.76864088,9.22,0.24986,0.06002
1.7,0,0.76864088,-67.2,1.14,0.13391
1.7,0,0.76864088,-4.48,0.40007,0.075
1.7,0,0.76864088,6.8,0.1482,0.04397
1.7,0,0.66023698,11.14,0.13018,0.04371
1.7,0,0.66023698,16.18,0.13018,0.04195
1.7,0,0.66023698,-28.92,0.8,0.3
1.7,0,0.66023698,7.7,0.2508,0.05376
1.7,0,0.66023698,-2.56,0.4,0.095
1.7,0,0.66023698,4.44,0.29993,0.06494
1.7,0,0.66023698,7.82,0.2014,0.05866
1.7,0,0.66023698,9.5,0.1,0.0426
1.7,0,0.66023698,8.3,0.1,0.02768
1.7,0,0.66023698,-28.78,0.9994,0.19561
1.7,0,0.66023698,11.46,0.1998,0.05463
1.7,0,0.66023698,6.18,0.3,0.0593
1.7,0,0.66023698,3.98,0.3,0.106
1.7,0,0.66023698,11.84,0.10014,0.03501
1.7,0,0.66023698,22.62,0.10014,0.03426
1.7,0,0.66023698,-11.42,0.5,0.2132
1.7,0,0.66023698,-10.34,0.5,0.15
1.7,0,0.66023698,34.94,0.1502,0.04501
1.7,0,0.66023698,8.62,0.15,0.03459
1.7,0,0.66023698,9.59,0.12,0.03295
1.7,0,0.66023698,7.7,0.24986,0.06002
1.7,0,0.66023698,-28.12,1.14,0.13391
1.7,0,0.66023698,16.76,0.40007,0.075
1.7,0,0.66023698,7.2,0.1482,0.04397
1.7,0.5,0.72327754,9.98,0.13018,0.04371
1.7,0.5,0.72327754,14.14,0.13018,0.04195
1.7,0.5,0.72327754,-24.02,0.8,0.3
1.7,0.5,0.72327754,7.72,0.2508,0.05376
1.7,0.5,0.72327754,-0.52,0.4,0.095
1.7,0.5,0.72327754,5.08,0.29993,0.06494
1.7,0.5,0.72327754,7.86,0.2014,0.05866
1.7,0.5,0.72327754,7.76,0.1,0.0426
1.7,0.5,0.72327754,6.74,0.1,0.02768
1.7,0.5,0.72327754,-23.5,0.9994,0.19561
1.7,0.5,0.72327754,10.94,0.1998,0.05463
1.7,0.5,0.72327754,7.8,0.3,0.0593
1.7,0.5,0.72327754,5,0.3,0.106
1.7,0.5,0.72327754,10.2,0.10014,0.03501
1.7,0.5,0.72327754,18.42,0.10014,0.03426
1.7,0.5,0.72327754,-7.68,0.5,0.2132
1.7,0.5,0.72327754,-6.46,0.5,0.15
1.7,0.5,0.72327754,30.14,0.1502,0.04501
1.7,0.5,0.72327754,7.88,0.15,0.03459
1.7,0.5,0.72327754,7.7,0.12,0.03295
1.7,0.5,0.72327754,7.76,0.24986,0.06002
1.7,0.5,0.72327754,-22.52,1.14,0.13391
1.7,0.5,0.72327754,15.02,0.40007,0.075
1.7,0.5,0.72327754,6.44,0.1482,0.04397
1.7,0.5,0.75853942,9.54,0.13018,0.04371
1.7,0.5,0.75853942,14.08,0.13018,0.04195
1.7,0.5,0.75853942,-31.98,0.8,0.3
1.7,0.5,0.75853942,8.32,0.2508,0.05376
1.7,0.5,0.75853942,-1.66,0.4,0.095
1.7,0.5,0.75853942,4.62,0.29993,0.06494
1.7,0.5,0.75853942,7.34,0.2014,0.05866
1.7,0.5,0.75853942,7.24,0.1,0.0426
1.7,0.5,0.75853942,6.64,0.1,0.02768
1.7,0.5,0.75853942,-32.46,0.9994,0.19561
1.7,0.5,0.75853942,10.96,0.1998,0.05463
1.7,0.5,0.75853942,7,0.3,0.0593
1.7,0.5,0.75853942,3.56,0.3,0.106
1.7,0.5,0.75853942,9.88,0.10014,0.03501
1.7,0.5,0.75853942,19.38,0.10014,0.03426
1.7,0.5,0.75853942,-12.56,0.5,0.2132
1.7,0.5,0.75853942,-9.44,0.5,0.15
1.7,0.5,0.75853942,31.22,0.1502,0.04501
1.7,0.5,0.75853942,7.34,0.15,0.03459
1.7,0.5,0.75853942,7.24,0.12,0.03295
1.7,0.5,0.75853942,8.32,0.24986,0.06002
1.7,0.5,0.75853942,-29.1,1.14,0.13391
1.7,0.5,0.75853942,9.92,0.40007,0.075
1.7,0.5,0.75853942,5.9,0.1482,0.04397
1.7,0.5,0.76864088,10.22,0.13018,0.04371
1.7,0.5,0.76864088,13.76,0.13018,0.04195
1.7,0.5,0.76864088,-37.1,0.8,0.3
1.7,0.5,0.76864088,8.8,0.2508,0.05376
1.7,0.5,0.76864088,-1.86,0.4,0.095
1.7,0.5,0.76864088,4.52,0.29993,0.06494
1.7,0.5,0.76864088,7.74,0.2014,0.05866
1.7,0.5,0.76864088,7.2,0.1,0.0426
1.7,0.5,0.76864088,6.24,0.1,0.02768
1.7,0.5,0.76864088,-39.46,0.9994,0.19561
1.7,0.5,0.76864088,12.06,0.1998,0.05463
1.7,0.5,0.76864088,6.76,0.3,0.0593
1.7,0.5,0.76864088,2.9,0.3,0.106
1.7,0.5,0.76864088,10.24,0.10014,0.03501
1.7,0.5,0.76864088,18.64,0.10014,0.03426
1.7,0.5,0.76864088,-15.96,0.5,0.2132
1.7,0.5,0.76864088,-11.46,0.5,0.15
1.7,0.5,0.76864088,29.88,0.1502,0.04501
1.7,0.5,0.76864088,8.14,0.15,0.03459
1.7,0.5,0.76864088,7.16,0.12,0.03295
1.7,0.5,0.76864088,9.12,0.24986,0.06002
1.7,0.5,0.76864088,-35.1,1.14,0.13391
1.7,0.5,0.76864088,4.32,0.40007,0.075
1.7,0.5,0.76864088,6.36,0.1482,0.04397
1.7,0.5,0.66023698,7.6,0.13018,0.04371
1.7,0.5,0.66023698,10.9,0.13018,0.04195
1.7,0.5,0.66023698,-14.94,0.8,0.3
1.7,0.5,0.66023698,5.34,0.2508,0.05376
1.7,0.5,0.66023698,-0.82,0.4,0.095
1.7,0.5,0.66023698,3.1,0.29993,0.06494
1.7,0.5,0.66023698,5.46,0.2014,0.05866
1.7,0.5,0.66023698,6.42,0.1,0.0426
1.7,0.5,0.66023698,5.54,0.1,0.02768
1.7,0.5,0.66023698,-15.3,0.9994,0.19561
1.7,0.5,0.66023698,7.7,0.1998,0.05463
1.7,0.5,0.66023698,5,0.3,0.0593
1.7,0.5,0.66023698,3.06,0.3,0.106
1.7,0.5,0.66023698,7.82,0.10014,0.03501
1.7,0.5,0.66023698,14.62,0.10014,0.03426
1.7,0.5,0.66023698,-5.62,0.5,0.2132
1.7,0.5,0.66023698,-5.32,0.5,0.15
1.7,0.5,0.66023698,22.56,0.1502,0.04501
1.7,0.5,0.66023698,6.22,0.15,0.03459
1.7,0.5,0.66023698,6.5,0.12,0.03295
1.7,0.5,0.66023698,5.4,0.24986,0.06002
1.7,0.5,0.66023698,-15.48,1.14,0.13391
1.7,0.5,0.66023698,13.28,0.40007,0.075
1.7,0.5,0.66023698,5.26,0.1482,0.04397
1.7,2,0.72327754,6.32,0.13018,0.04371
1.7,2,0.72327754,8.94,0.13018,0.04195
1.7,2,0.72327754,-10.96,0.8,0.3
1.7,2,0.72327754,4.94,0.2508,0.05376
1.7,2,0.72327754,0.6,0.4,0.095
1.7,2,0.72327754,3.46,0.29993,0.06494
1.7,2,0.72327754,4.86,0.2014,0.05866
1.7,2,0.72327754,4.94,0.1,0.0426
1.7,2,0.72327754,4.32,0.1,0.02768
1.7,2,0.72327754,-11.52,0.9994,0.19561
1.7,2,0.72327754,6.46,0.1998,0.05463
1.7,2,0.72327754,5.4,0.3,0.0593
1.7,2,0.72327754,3.36,0.3,0.106
1.7,2,0.72327754,6.26,0.10014,0.03501
1.7,2,0.72327754,10.74,0.10014,0.03426
1.7,2,0.72327754,-2.78,0.5,0.2132
1.7,2,0.72327754,-2.36,0.5,0.15
1.7,2,0.72327754,18.02,0.1502,0.04501
1.7,2,0.72327754,5.22,0.15,0.03459
1.7,2,0.72327754,4.6,0.12,0.03295
1.7,2,0.72327754,4.98,0.24986,0.06002
1.7,2,0.72327754,-11.34,1.14,0.13391
1.7,2,0.72327754,11.26,0.40007,0.075
1.7,2,0.72327754,4.64,0.1482,0.04397
1.7,2,0.75853942,5.54,0.13018,0.04371
1.7,2,0.75853942,8.12,0.13018,0.04195
1.7,2,0.75853942,-14,0.8,0.3
1.7,2,0.75853942,4.92,0.2508,0.05376
1.7,2,0.75853942,0.38,0.4,0.095
1.7,2,0.75853942,3.4,0.29993,0.06494
1.7,2,0.75853942,4.44,0.2014,0.05866
1.7,2,0.75853942,4.32,0.1,0.0426
1.7,2,0.75853942,3.9,0.1,0.02768
1.7,2,0.75853942,-13.98,0.9994,0.19561
1.7,2,0.75853942,6.32,0.1998,0.05463
1.7,2,0.75853942,5.46,0.3,0.0593
1.7,2,0.75853942,3.16,0.3,0.106
1.7,2,0.75853942,5.68,0.10014,0.03501
1.7,2,0.75853942,11.26,0.10014,0.03426
1.7,2,0.75853942,-3.6,0.5,0.2132
1.7,2,0.75853942,-2.6,0.5,0.15
1.7,2,0.75853942,18.66,0.1502,0.04501
1.7,2,0.75853942,4.36,0.15,0.03459
1.7,2,0.75853942,3.99,0.12,0.03295
1.7,2,0.75853942,5,0.24986,0.06002
1.7,2,0.75853942,-13.36,1.14,0.13391
1.7,2,0.75853942,10.06,0.40007,0.075
1.7,2,0.75853942,3.76,0.1482,0.04397
1.7,2,0.76864088,5.96,0.13018,0.04371
1.7,2,0.76864088,8.54,0.13018,0.04195
1.7,2,0.76864088,-17.1,0.8,0.3
1.7,2,0.76864088,5.44,0.2508,0.05376
1.7,2,0.76864088,0.44,0.4,0.095
1.7,2,0.76864088,3.62,0.29993,0.06494
1.7,2,0.76864088,4.82,0.2014,0.05866
1.7,2,0.76864088,4.24,0.1,0.0426
1.7,2,0.76864088,3.7,0.1,0.02768
1.7,2,0.76864088,-17.12,0.9994,0.19561
1.7,2,0.76864088,7.3,0.1998,0.05463
1.7,2,0.76864088,5.2,0.3,0.0593
1.7,2,0.76864088,3.16,0.3,0.106
1.7,2,0.76864088,5.92,0.10014,0.03501
1.7,2,0.76864088,11.26,0.10014,0.03426
1.7,2,0.76864088,-5.46,0.5,0.2132
1.7,2,0.76864088,-3.68,0.5,0.15
1.7,2,0.76864088,18.76,0.1502,0.04501
1.7,2,0.76864088,4.66,0.15,0.03459
1.7,2,0.76864088,3.93,0.12,0.03295
1.7,2,0.76864088,5.54,0.24986,0.06002
1.7,2,0.76864088,-15.22,1.14,0.13391
1.7,2,0.76864088,7.8,0.40007,0.075
1.7,2,0.76864088,3.86,0.1482,0.04397
1.7,2,0.66023698,3.56,0.13018,0.04371
1.7,2,0.66023698,4.96,0.13018,0.04195
1.7,2,0.66023698,-6.44,0.8,0.3
1.7,2,0.66023698,2.38,0.2508,0.05376
1.7,2,0.66023698,-0.3,0.4,0.095
1.7,2,0.66023698,1.46,0.29993,0.06494
1.7,2,0.66023698,2.68,0.2014,0.05866
1.7,2,0.66023698,3.22,0.1,0.0426
1.7,2,0.66023698,2.82,0.1,0.02768
1.7,2,0.66023698,-6.78,0.9994,0.19561
1.7,2,0.66023698,3.52,0.1998,0.05463
1.7,2,0.66023698,2.58,0.3,0.0593
1.7,2,0.66023698,1.46,0.3,0.106
1.7,2,0.66023698,3.8,0.10014,0.03501
1.7,2,0.66023698,7.22,0.10014,0.03426
1.7,2,0.66023698,-2.18,0.5,0.2132
1.7,2,0.66023698,-2.18,0.5,0.15
1.7,2,0.66023698,11.58,0.1502,0.04501
1.7,2,0.66023698,2.92,0.15,0.03459
1.7,2,0.66023698,2.98,0.12,0.03295
1.7,2,0.66023698,2.44,0.24986,0.06002
1.7,2,0.66023698,-7.18,1.14,0.13391
1.7,2,0.66023698,7.74,0.40007,0.075
1.7,2,0.66023698,2.76,0.1482,0.04397
1.7,6,0.72327754,6.06,0.13018,0.04371
1.7,6,0.72327754,8.22,0.13018,0.04195
1.7,6,0.72327754,-10.5,0.8,0.3
1.7,6,0.72327754,4.7,0.2508,0.05376
1.7,6,0.72327754,0.66,0.4,0.095
1.7,6,0.72327754,3.44,0.29993,0.06494
1.7,6,0.72327754,4.74,0.2014,0.05866
1.7,6,0.72327754,4.72,0.1,0.0426
1.7,6,0.72327754,4.32,0.1,0.02768
1.7,6,0.72327754,-11,0.9994,0.19561
1.7,6,0.72327754,6.1,0.1998,0.05463
1.7,6,0.72327754,5.32,0.3,0.0593
1.7,6,0.72327754,3.34,0.3,0.106
1.7,6,0.72327754,6.28,0.10014,0.03501
1.7,6,0.72327754,10.1,0.10014,0.03426
1.7,6,0.72327754,-2.8,0.5,0.2132
1.7,6,0.72327754,-2.34,0.5,0.15
1.7,6,0.72327754,17.42,0.1502,0.04501
1.7,6,0.72327754,5.12,0.15,0.03459
1.7,6,0.72327754,4.39,0.12,0.03295
1.7,6,0.72327754,4.74,0.24986,0.06002
1.7,6,0.72327754,-10.96,1.14,0.13391
1.7,6,0.72327754,10.92,0.40007,0.075
1.7,6,0.72327754,4.34,0.1482,0.04397
1.7,6,0.75853942,5.5,0.13018,0.04371
1.7,6,0.75853942,8.1,0.13018,0.04195
1.7,6,0.75853942,-13.04,0.8,0.3
1.7,6,0.75853942,4.84,0.2508,0.05376
1.7,6,0.75853942,0.64,0.4,0.095
1.7,6,0.75853942,3.46,0.29993,0.06494
1.7,6,0.75853942,4.32,0.2014,0.05866
1.7,6,0.75853942,4.02,0.1,0.0426
1.7,6,0.75853942,3.62,0.1,0.02768
1.7,6,0.75853942,-13.4,0.9994,0.19561
1.7,6,0.75853942,6.14,0.1998,0.05463
1.7,6,0.75853942,5.48,0.3,0.0593
1.7,6,0.75853942,3.36,0.3,0.106
1.7,6,0.75853942,5.6,0.10014,0.03501
1.7,6,0.75853942,10.66,0.10014,0.03426
1.7,6,0.75853942,-3.2,0.5,0.2132
1.7,6,0.75853942,-2.24,0.5,0.15
1.7,6,0.75853942,17.98,0.1502,0.04501
1.7,6,0.75853942,4.3,0.15,0.03459
1.7,6,0.75853942,3.88,0.12,0.03295
1.7,6,0.75853942,5.02,0.24986,0.06002
1.7,6,0.75853942,-12.74,1.14,0.13391
1.7,6,0.75853942,10.3,0.40007,0.075
1.7,6,0.75853942,3.64,0.1482,0.04397
1.7,6,0.76864088,5.56,0.13018,0.04371
1.7,6,0.76864088,7.82,0.13018,0.04195
1.7,6,0.76864088,-16.32,0.8,0.3
1.7,6,0.76864088,5.22,0.2508,0.05376
1.7,6,0.76864088,0.44,0.4,0.095
1.7,6,0.76864088,3.3,0.29993,0.06494
1.7,6,0.76864088,4.62,0.2014,0.05866
1.7,6,0.76864088,4.34,0.1,0.0426
1.7,6,0.76864088,3.82,0.1,0.02768
1.7,6,0.76864088,-16.24,0.9994,0.19561
1.7,6,0.76864088,6.98,0.1998,0.05463
1.7,6,0.76864088,5.08,0.3,0.0593
1.7,6,0.76864088,2.88,0.3,0.106
1.7,6,0.76864088,5.82,0.10014,0.03501
1.7,6,0.76864088,10.72,0.10014,0.03426
1.7,6,0.76864088,-5.12,0.5,0.2132
1.7,6,0.76864088,-3.38,0.5,0.15
1.7,6,0.76864088,17.5,0.1502,0.04501
1.7,6,0.76864088,4.3,0.15,0.03459
1.7,6,0.76864088,3.91,0.12,0.03295
1.7,6,0.76864088,5.26,0.24986,0.06002
1.7,6,0.76864088,-14.58,1.14,0.13391
1.7,6,0.76864088,7.46,0.40007,0.075
1.7,6,0.76864088,3.72,0.1482,0.04397
1.7,6,0.66023698,3.74,0.13018,0.04371
1.7,6,0.66023698,4.86,0.13018,0.04195
1.7,6,0.66023698,-6.02,0.8,0.3
1.7,6,0.66023698,2.56,0.2508,0.05376
1.7,6,0.66023698,-0.26,0.4,0.095
1.7,6,0.66023698,1.42,0.29993,0.06494
1.7,6,0.66023698,2.74,0.2014,0.05866
1.7,6,0.66023698,3.1,0.1,0.0426
1.7,6,0.66023698,2.72,0.1,0.02768
1.7,6,0.66023698,-6.46,0.9994,0.19561
1.7,6,0.66023698,3.48,0.1998,0.05463
1.7,6,0.66023698,2.58,0.3,0.0593
1.7,6,0.66023698,1.4,0.3,0.106
1.7,6,0.66023698,3.78,0.10014,0.03501
1.7,6,0.66023698,6.88,0.10014,0.03426
1.7,6,0.66023698,-2,0.5,0.2132
1.7,6,0.66023698,-2.04,0.5,0.15
1.7,6,0.66023698,11.14,0.1502,0.04501
1.7,6,0.66023698,2.92,0.15,0.03459
1.7,6,0.66023698,2.91,0.12,0.03295
1.7,6,0.66023698,2.6,0.24986,0.06002
1.7,6,0.66023698,-6.84,1.14,0.13391
1.7,6,0.66023698,7.48,0.40007,0.075
1.7,6,0.66023698,2.68,0.1482,0.04397
1.7,24,0.72327754,6.3,0.13018,0.04371
1.7,24,0.72327754,8.4,0.13018,0.04195
1.7,24,0.72327754,-10.48,0.8,0.3
1.7,24,0.72327754,4.9,0.2508,0.05376
1.7,24,0.72327754,0.66,0.4,0.095
1.7,24,0.72327754,3.36,0.29993,0.06494
1.7,24,0.72327754,4.84,0.2014,0.05866
1.7,24,0.72327754,4.74,0.1,0.0426
1.7,24,0.72327754,4.52,0.1,0.02768
1.7,24,0.72327754,-11.08,0.9994,0.19561
1.7,24,0.72327754,6.22,0.1998,0.05463
1.7,24,0.72327754,5.18,0.3,0.0593
1.7,24,0.72327754,3.32,0.3,0.106
1.7,24,0.72327754,6.72,0.10014,0.03501
1.7,24,0.72327754,10.62,0.10014,0.03426
1.7,24,0.72327754,-2.82,0.5,0.2132
1.7,24,0.72327754,-2.36,0.5,0.15
1.7,24,0.72327754,17.06,0.1502,0.04501
1.7,24,0.72327754,5.4,0.15,0.03459
1.7,24,0.72327754,4.8,0.12,0.03295
1.7,24,0.72327754,4.98,0.24986,0.06002
1.7,24,0.72327754,-10.92,1.14,0.13391
1.7,24,0.72327754,10.64,0.40007,0.075
1.7,24,0.72327754,4.32,0.1482,0.04397
1.7,24,0.75853942,5.86,0.13018,0.04371
1.7,24,0.75853942,8.06,0.13018,0.04195
1.7,24,0.75853942,-13.08,0.8,0.3
1.7,24,0.75853942,4.9,0.2508,0.05376
1.7,24,0.75853942,0.84,0.4,0.095
1.7,24,0.75853942,3.4,0.29993,0.06494
1.7,24,0.75853942,4.6,0.2014,0.05866
1.7,24,0.75853942,4.14,0.1,0.0426
1.7,24,0.75853942,3.96,0.1,0.02768
1.7,24,0.75853942,-13.26,0.9994,0.19561
1.7,24,0.75853942,6.4,0.1998,0.05463
1.7,24,0.75853942,5.22,0.3,0.0593
1.7,24,0.75853942,3.32,0.3,0.106
1.7,24,0.75853942,6.08,0.10014,0.03501
1.7,24,0.75853942,10.66,0.10014,0.03426
1.7,24,0.75853942,-3.12,0.5,0.2132
1.7,24,0.75853942,-2.16,0.5,0.15
1.7,24,0.75853942,17.42,0.1502,0.04501
1.7,24,0.75853942,5.02,0.15,0.03459
1.7,24,0.75853942,4.3,0.12,0.03295
1.7,24,0.75853942,5.04,0.24986,0.06002
1.7,24,0.75853942,-12.6,1.14,0.13391
1.7,24,0.75853942,9.84,0.40007,0.075
1.7,24,0.75853942,3.88,0.1482,0.04397
1.7,24,0.76864088,6.12,0.13018,0.04371
1.7,24,0.76864088,8.02,0.13018,0.04195
1.7,24,0.76864088,-16.2,0.8,0.3
1.7,24,0.76864088,5.02,0.2508,0.05376
1.7,24,0.76864088,0.64,0.4,0.095
1.7,24,0.76864088,3.48,0.29993,0.06494
1.7,24,0.76864088,4.54,0.2014,0.05866
1.7,24,0.76864088,4.2,0.1,0.0426
1.7,24,0.76864088,3.7,0.1,0.02768
1.7,24,0.76864088,-16.48,0.9994,0.19561
1.7,24,0.76864088,6.86,0.1998,0.05463
1.7,24,0.76864088,5.28,0.3,0.0593
1.7,24,0.76864088,3.08,0.3,0.106
1.7,24,0.76864088,6.1,0.10014,0.03501
1.7,24,0.76864088,10.58,0.10014,0.03426
1.7,24,0.76864088,-4.94,0.5,0.2132
1.7,24,0.76864088,-3.18,0.5,0.15
1.7,24,0.76864088,17,0.1502,0.04501
1.7,24,0.76864088,4.58,0.15,0.03459
1.7,24,0.76864088,4.07,0.12,0.03295
1.7,24,0.76864088,5.08,0.24986,0.06002
1.7,24,0.76864088,-14.52,1.14,0.13391
1.7,24,0.76864088,7.4,0.40007,0.075
1.7,24,0.76864088,3.5,0.1482,0.04397
1.7,24,0.66023698,3.88,0.13018,0.04371
1.7,24,0.66023698,5,0.13018,0.04195
1.7,24,0.66023698,-6.04,0.8,0.3
1.7,24,0.66023698,2.68,0.2508,0.05376
1.7,24,0.66023698,-0.32,0.4,0.095
1.7,24,0.66023698,1.46,0.29993,0.06494
1.7,24,0.66023698,2.82,0.2014,0.05866
1.7,24,0.66023698,3.22,0.1,0.0426
1.7,24,0.66023698,2.96,0.1,0.02768
1.7,24,0.66023698,-6.5,0.9994,0.19561
1.7,24,0.66023698,3.6,0.1998,0.05463
1.7,24,0.66023698,2.42,0.3,0.0593
1.7,24,0.66023698,1.46,0.3,0.106
1.7,24,0.66023698,4.18,0.10014,0.03501
1.7,24,0.66023698,6.82,0.10014,0.03426
1.7,24,0.66023698,-1.94,0.5,0.2132
1.7,24,0.66023698,-1.92,0.5,0.15
1.7,24,0.66023698,11.06,0.1502,0.04501
1.7,24,0.66023698,3,0.15,0.03459
1.7,24,0.66023698,3.07,0.12,0.03295
1.7,24,0.66023698,2.68,0.24986,0.06002
1.7,24,0.66023698,-6.86,1.14,0.13391
1.7,24,0.66023698,7.16,0.40007,0.075
1.7,24,0.66023698,2.56,0.1482,0.04397
27.95,0,2.6137436,-25.36,0.13018,0.04371
27.95,0,2.6137436,-25.88,0.13018,0.04195
27.95,0,2.6137436,-342.92,0.8,0.3
27.95,0,2.6137436,-98.08,0.2508,0.05376
27.95,0,2.6137436,-172.56,0.4,0.095
27.95,0,2.6137436,-127.58,0.29993,0.06494
27.95,0,2.6137436,-64.46,0.2014,0.05866
27.95,0,2.6137436,-16.44,0.1,0.0426
27.95,0,2.6137436,-20.72,0.1,0.02768
27.95,0,2.6137436,-355.48,0.9994,0.19561
27.95,0,2.6137436,-68.7,0.1998,0.05463
27.95,0,2.6137436,-121,0.3,0.0593
27.95,0,2.6137436,-122.5,0.3,0.106
27.95,0,2.6137436,-11.68,0.10014,0.03501
27.95,0,2.6137436,-11.02,0.10014,0.03426
27.95,0,2.6137436,-235.3,0.5,0.2132
27.95,0,2.6137436,-224.26,0.5,0.15
27.95,0,2.6137436,-17.48,0.1502,0.04501
27.95,0,2.6137436,-40.58,0.15,0.03459
27.95,0,2.6137436,-20.02,0.12,0.03295
27.95,0,2.6137436,-96.22,0.24986,0.06002
27.95,0,2.6137436,-356.06,1.14,0.13391
27.95,0,2.6137436,-166.76,0.40007,0.075
27.95,0,2.6137436,-41.46,0.1482,0.04397
27.95,0,6.5544614,-91.92,0.13018,0.04371
27.95,0,6.5544614,-93.14,0.13018,0.04195
27.95,0,6.5544614,-943.68,0.8,0.3
27.95,0,6.5544614,-287.7,0.2508,0.05376
27.95,0,6.5544614,-481.86,0.4,0.095
27.95,0,6.5544614,-367.54,0.29993,0.06494
27.95,0,6.5544614,-198.42,0.2014,0.05866
27.95,0,6.5544614,-65.2,0.1,0.0426
27.95,0,6.5544614,-74.62,0.1,0.02768
27.95,0,6.5544614,-993.78,0.9994,0.19561
27.95,0,6.5544614,-214.06,0.1998,0.05463
27.95,0,6.5544614,-341.82,0.3,0.0593
27.95,0,6.5544614,-358.14,0.3,0.106
27.95,0,6.5544614,-52.1,0.10014,0.03501
27.95,0,6.5544614,-52.88,0.10014,0.03426
27.95,0,6.5544614,-664.74,0.5,0.2132
27.95,0,6.5544614,-639.24,0.5,0.15
27.95,0,6.5544614,-99.82,0.1502,0.04501
27.95,0,6.5544614,-132.06,0.15,0.03459
27.95,0,6.5544614,-74.94,0.12,0.03295
27.95,0,6.5544614,-285.14,0.24986,0.06002
27.95,0,6.5544614,-992.12,1.14,0.13391
27.95,0,6.5544614,-489.94,0.40007,0.075
27.95,0,6.5544614,-133.96,0.1482,0.04397
27.95,0,13.009115,-190.05,0.13018,0.04371
27.95,0,13.009115,-196.55,0.13018,0.04195
27.95,0,13.009115,-1751.1,0.8,0.3
27.95,0,13.009115,-576.9,0.2508,0.05376
27.95,0,13.009115,-932.15,0.4,0.095
27.95,0,13.009115,-731.1,0.29993,0.06494
27.95,0,13.009115,-395.15,0.2014,0.05866
27.95,0,13.009115,-143.25,0.1,0.0426
27.95,0,13.009115,-151.15,0.1,0.02768
27.95,0,13.009115,-1858.05,0.9994,0.19561
27.95,0,13.009115,-429.25,0.1998,0.05463
27.95,0,13.009115,-679.5,0.3,0.0593
27.95,0,13.009115,-714.75,0.3,0.106
27.95,0,13.009115,-117.1,0.10014,0.03501
27.95,0,13.009115,-131,0.10014,0.03426
27.95,0,13.009115,-1249.3,0.5,0.2132
27.95,0,13.009115,-1214.05,0.5,0.15
27.95,0,13.009115,-241.2,0.1502,0.04501
27.95,0,13.009115,-261.3,0.15,0.03459
27.95,0,13.009115,-157.4,0.12,0.03295
27.95,0,13.009115,-578.95,0.24986,0.06002
27.95,0,13.009115,-1869.7,1.14,0.13391
27.95,0,13.009115,-961.35,0.40007,0.075
27.95,0,13.009115,-266.55,0.1482,0.04397
27.95,0,1.301121,-10.64,0.13018,0.04371
27.95,0,1.301121,-10.64,0.13018,0.04195
27.95,0,1.301121,-170.22,0.8,0.3
27.95,0,1.301121,-47.6,0.2508,0.05376
27.95,0,1.301121,-84.42,0.4,0.095
27.95,0,1.301121,-62.64,0.29993,0.06494
27.95,0,1.301121,-30.56,0.2014,0.05866
27.95,0,1.301121,-6.38,0.1,0.0426
27.95,0,1.301121,-8.74,0.1,0.02768
27.95,0,1.301121,-178.86,0.9994,0.19561
27.95,0,1.301121,-32.94,0.1998,0.05463
27.95,0,1.301121,-59.24,0.3,0.0593
27.95,0,1.301121,-60.72,0.3,0.106
27.95,0,1.301121,-4.04,0.10014,0.03501
27.95,0,1.301121,-1.64,0.10014,0.03426
27.95,0,1.301121,-115.52,0.5,0.2132
27.95,0,1.301121,-112.04,0.5,0.15
27.95,0,1.301121,-4.48,0.1502,0.04501
27.95,0,1.301121,-19.32,0.15,0.03459
27.95,0,1.301121,-9.1,0.12,0.03295
27.95,0,1.301121,-46.52,0.24986,0.06002
27.95,0,1.301121,-180.4,1.14,0.13391
27.95,0,1.301121,-78.24,0.40007,0.075
27.95,0,1.301121,-19.36,0.1482,0.04397
27.95,0.5,2.6137436,-1.82,0.13018,0.04371
27.95,0.5,2.6137436,-0.94,0.13018,0.04195
27.95,0.5,2.6137436,-216.9,0.8,0.3
27.95,0.5,2.6137436,-53.02,0.2508,0.05376
27.95,0.5,2.6137436,-95.32,0.4,0.095
27.95,0.5,2.6137436,-73.32,0.29993,0.06494
27.95,0.5,2.6137436,-26.54,0.2014,0.05866
27.95,0.5,2.6137436,1.16,0.1,0.0426
27.95,0.5,2.6137436,-3.04,0.1,0.02768
27.95,0.5,2.6137436,-223,0.9994,0.19561
27.95,0.5,2.6137436,-32.36,0.1998,0.05463
27.95,0.5,2.6137436,-62.94,0.3,0.0593
27.95,0.5,2.6137436,-67,0.3,0.106
27.95,0.5,2.6137436,5.76,0.10014,0.03501
27.95,0.5,2.6137436,10.22,0.10014,0.03426
27.95,0.5,2.6137436,-143.54,0.5,0.2132
27.95,0.5,2.6137436,-134.44,0.5,0.15
27.95,0.5,2.6137436,9.08,0.1502,0.04501
27.95,0.5,2.6137436,-12.68,0.15,0.03459
27.95,0.5,2.6137436,-4.28,0.12,0.03295
27.95,0.5,2.6137436,-51.96,0.24986,0.06002
27.95,0.5,2.6137436,-221.76,1.14,0.13391
27.95,0.5,2.6137436,-92.92,0.40007,0.075
27.95,0.5,2.6137436,-14.76,0.1482,0.04397
27.95,0.5,6.5544614,-28.32,0.13018,0.04371
27.95,0.5,6.5544614,-35.26,0.13018,0.04195
27.95,0.5,6.5544614,-613.2,0.8,0.3
27.95,0.5,6.5544614,-172.32,0.2508,0.05376
27.95,0.5,6.5544614,-300.54,0.4,0.095
27.95,0.5,6.5544614,-226.76,0.29993,0.06494
27.95,0.5,6.5544614,-107.26,0.2014,0.05866
27.95,0.5,6.5544614,-16.74,0.1,0.0426
27.95,0.5,6.5544614,-25.5,0.1,0.02768
27.95,0.5,6.5544614,-641.72,0.9994,0.19561
27.95,0.5,6.5544614,-122.26,0.1998,0.05463
27.95,0.5,6.5544614,-212.12,0.3,0.0593
27.95,0.5,6.5544614,-217.88,0.3,0.106
27.95,0.5,6.5544614,-4.14,0.10014,0.03501
27.95,0.5,6.5544614,-16.82,0.10014,0.03426
27.95,0.5,6.5544614,-428.74,0.5,0.2132
27.95,0.5,6.5544614,-404.88,0.5,0.15
27.95,0.5,6.5544614,-40.36,0.1502,0.04501
27.95,0.5,6.5544614,-60.2,0.15,0.03459
27.95,0.5,6.5544614,-33.1,0.12,0.03295
27.95,0.5,6.5544614,-170.16,0.24986,0.06002
27.95,0.5,6.5544614,-636.6,1.14,0.13391
27.95,0.5,6.5544614,-301.72,0.40007,0.075
27.95,0.5,6.5544614,-60.66,0.1482,0.04397
27.95,0.5,13.009115,-67.35,0.13018,0.04371
27.95,0.5,13.009115,-90.75,0.13018,0.04195
27.95,0.5,13.009115,-1138.6,0.8,0.3
27.95,0.5,13.009115,-347.45,0.2508,0.05376
27.95,0.5,13.009115,-581.55,0.4,0.095
27.95,0.5,13.009115,-447.85,0.29993,0.06494
27.95,0.5,13.009115,-229.1,0.2014,0.05866
27.95,0.5,13.009115,-62.75,0.1,0.0426
27.95,0.5,13.009115,-70.4,0.1,0.02768
27.95,0.5,13.009115,-1204.95,0.9994,0.19561
27.95,0.5,13.009115,-253.55,0.1998,0.05463
27.95,0.5,13.009115,-411.8,0.3,0.0593
27.95,0.5,13.009115,-434.3,0.3,0.106
27.95,0.5,13.009115,-28.7,0.10014,0.03501
27.95,0.5,13.009115,-65.3,0.10014,0.03426
27.95,0.5,13.009115,-807.45,0.5,0.2132
27.95,0.5,13.009115,-774.3,0.5,0.15
27.95,0.5,13.009115,-120.05,0.1502,0.04501
27.95,0.5,13.009115,-124.35,0.15,0.03459
27.95,0.5,13.009115,-78.6,0.12,0.03295
27.95,0.5,13.009115,-348.4,0.24986,0.06002
27.95,0.5,13.009115,-1204.85,1.14,0.13391
27.95,0.5,13.009115,-609.15,0.40007,0.075
27.95,0.5,13.009115,-131.5,0.1482,0.04397
27.95,0.5,1.301121,0.92,0.13018,0.04371
27.95,0.5,1.301121,1.88,0.13018,0.04195
27.95,0.5,1.301121,-105.04,0.8,0.3
27.95,0.5,1.301121,-23.48,0.2508,0.05376
27.95,0.5,1.301121,-44.84,0.4,0.095
27.95,0.5,1.301121,-33.18,0.29993,0.06494
27.95,0.5,1.301121,-11.32,0.2014,0.05866
27.95,0.5,1.301121,2.76,0.1,0.0426
27.95,0.5,1.301121,0.68,0.1,0.02768
27.95,0.5,1.301121,-110.1,0.9994,0.19561
27.95,0.5,1.301121,-12.74,0.1998,0.05463
27.95,0.5,1.301121,-27.86,0.3,0.0593
27.95,0.5,1.301121,-29.78,0.3,0.106
27.95,0.5,1.301121,5.06,0.10014,0.03501
27.95,0.5,1.301121,8.54,0.10014,0.03426
27.95,0.5,1.301121,-68.62,0.5,0.2132
27.95,0.5,1.301121,-63.28,0.5,0.15
27.95,0.5,1.301121,11.1,0.1502,0.04501
27.95,0.5,1.301121,-4.62,0.15,0.03459
27.95,0.5,1.301121,-0.14,0.12,0.03295
27.95,0.5,1.301121,-21.8,0.24986,0.06002
27.95,0.5,1.301121,-110.14,1.14,0.13391
27.95,0.5,1.301121,-40.56,0.40007,0.075
27.95,0.5,1.301121,-5.78,0.1482,0.04397
27.95,2,2.6137436,9.06,0.13018,0.04371
27.95,2,2.6137436,11.76,0.13018,0.04195
27.95,2,2.6137436,-95.46,0.8,0.3
27.95,2,2.6137436,-7,0.2508,0.05376
27.95,2,2.6137436,-29.5,0.4,0.095
27.95,2,2.6137436,-17.64,0.29993,0.06494
27.95,2,2.6137436,-0.84,0.2014,0.05866
27.95,2,2.6137436,9.22,0.1,0.0426
27.95,2,2.6137436,5.56,0.1,0.02768
27.95,2,2.6137436,-93.82,0.9994,0.19561
27.95,2,2.6137436,3.4,0.1998,0.05463
27.95,2,2.6137436,-14.34,0.3,0.0593
27.95,2,2.6137436,-14.9,0.3,0.106
27.95,2,2.6137436,12.14,0.10014,0.03501
27.95,2,2.6137436,20.12,0.10014,0.03426
27.95,2,2.6137436,-58.14,0.5,0.2132
27.95,2,2.6137436,-48.8,0.5,0.15
27.95,2,2.6137436,29.18,0.1502,0.04501
27.95,2,2.6137436,3.4,0.15,0.03459
27.95,2,2.6137436,3.17,0.12,0.03295
27.95,2,2.6137436,-5.1,0.24986,0.06002
27.95,2,2.6137436,-89.4,1.14,0.13391
27.95,2,2.6137436,-19.96,0.40007,0.075
27.95,2,2.6137436,1.64,0.1482,0.04397
27.95,2,6.5544614,16.08,0.13018,0.04371
27.95,2,6.5544614,17.74,0.13018,0.04195
27.95,2,6.5544614,-279.46,0.8,0.3
27.95,2,6.5544614,-48.14,0.2508,0.05376
27.95,2,6.5544614,-100.86,0.4,0.095
27.95,2,6.5544614,-79.06,0.29993,0.06494
27.95,2,6.5544614,-15.14,0.2014,0.05866
27.95,2,6.5544614,17.98,0.1,0.0426
27.95,2,6.5544614,11.96,0.1,0.02768
27.95,2,6.5544614,-285.68,0.9994,0.19561
27.95,2,6.5544614,-20.56,0.1998,0.05463
27.95,2,6.5544614,-56.14,0.3,0.0593
27.95,2,6.5544614,-67.58,0.3,0.106
27.95,2,6.5544614,26.56,0.10014,0.03501
27.95,2,6.5544614,34.54,0.10014,0.03426
27.95,2,6.5544614,-188.54,0.5,0.2132
27.95,2,6.5544614,-161.48,0.5,0.15
27.95,2,6.5544614,32.32,0.1502,0.04501
27.95,2,6.5544614,0.12,0.15,0.03459
27.95,2,6.5544614,-3.49,0.12,0.03295
27.95,2,6.5544614,-44.58,0.24986,0.06002
27.95,2,6.5544614,-270.72,1.14,0.13391
27.95,2,6.5544614,-106.64,0.40007,0.075
27.95,2,6.5544614,-4.02,0.1482,0.04397
27.95,2,13.009115,25.4,0.13018,0.04371
27.95,2,13.009115,25.9,0.13018,0.04195
27.95,2,13.009115,-537.15,0.8,0.3
27.95,2,13.009115,-133.1,0.2508,0.05376
27.95,2,13.009115,-228.55,0.4,0.095
27.95,2,13.009115,-188.95,0.29993,0.06494
27.95,2,13.009115,-43.3,0.2014,0.05866
27.95,2,13.009115,24.25,0.1,0.0426
27.95,2,13.009115,19.6,0.1,0.02768
27.95,2,13.009115,-562.4,0.9994,0.19561
27.95,2,13.009115,-82.8,0.1998,0.05463
27.95,2,13.009115,-143.95,0.3,0.0593
27.95,2,13.009115,-176,0.3,0.106
27.95,2,13.009115,41.35,0.10014,0.03501
27.95,2,13.009115,37.8,0.10014,0.03426
27.95,2,13.009115,-371.95,0.5,0.2132
27.95,2,13.009115,-343.45,0.5,0.15
27.95,2,13.009115,19.6,0.1502,0.04501
27.95,2,13.009115,-2.85,0.15,0.03459
27.95,2,13.009115,-15.1,0.12,0.03295
27.95,2,13.009115,-127.75,0.24986,0.06002
27.95,2,13.009115,-550.8,1.14,0.13391
27.95,2,13.009115,-256.25,0.40007,0.075
27.95,2,13.009115,-9.05,0.1482,0.04397
27.95,2,1.301121,5.46,0.13018,0.04371
27.95,2,1.301121,6.38,0.13018,0.04195
27.95,2,1.301121,-43.46,0.8,0.3
27.95,2,1.301121,-2.48,0.2508,0.05376
27.95,2,1.301121,-14.52,0.4,0.095
27.95,2,1.301121,-7.24,0.29993,0.06494
27.95,2,1.301121,0.08,0.2014,0.05866
27.95,2,1.301121,5.6,0.1,0.0426
27.95,2,1.301121,4.2,0.1,0.02768
27.95,2,1.301121,-44.7,0.9994,0.19561
27.95,2,1.301121,2.18,0.1998,0.05463
27.95,2,1.301121,-6.58,0.3,0.0593
27.95,2,1.301121,-6.28,0.3,0.106
27.95,2,1.301121,7.26,0.10014,0.03501
27.95,2,1.301121,11.78,0.10014,0.03426
27.95,2,1.301121,-24.56,0.5,0.2132
27.95,2,1.301121,-22.48,0.5,0.15
27.95,2,1.301121,18.72,0.1502,0.04501
27.95,2,1.301121,2.6,0.15,0.03459
27.95,2,1.301121,2.81,0.12,0.03295
27.95,2,1.301121,-1.9,0.24986,0.06002
27.95,2,1.301121,-44.24,1.14,0.13391
27.95,2,1.301121,-7.36,0.40007,0.075
27.95,2,1.301121,1.52,0.1482,0.04397
27.95,6,2.6137436,10.36,0.13018,0.04371
27.95,6,2.6137436,12.42,0.13018,0.04195
27.95,6,2.6137436,-87.02,0.8,0.3
27.95,6,2.6137436,-4.66,0.2508,0.05376
27.95,6,2.6137436,-26.54,0.4,0.095
27.95,6,2.6137436,-14.84,0.29993,0.06494
27.95,6,2.6137436,0.46,0.2014,0.05866
27.95,6,2.6137436,9.28,0.1,0.0426
27.95,6,2.6137436,6.08,0.1,0.02768
27.95,6,2.6137436,-84.94,0.9994,0.19561
27.95,6,2.6137436,5.1,0.1998,0.05463
27.95,6,2.6137436,-12.32,0.3,0.0593
27.95,6,2.6137436,-12.24,0.3,0.106
27.95,6,2.6137436,11.96,0.10014,0.03501
27.95,6,2.6137436,19.86,0.10014,0.03426
27.95,6,2.6137436,-51.04,0.5,0.2132
27.95,6,2.6137436,-44.18,0.5,0.15
27.95,6,2.6137436,30.18,0.1502,0.04501
27.95,6,2.6137436,4.2,0.15,0.03459
27.95,6,2.6137436,2.8,0.12,0.03295
27.95,6,2.6137436,-2.46,0.24986,0.06002
27.95,6,2.6137436,-82.12,1.14,0.13391
27.95,6,2.6137436,-16.72,0.40007,0.075
27.95,6,2.6137436,2.82,0.1482,0.04397
27.95,6,6.5544614,17.82,0.13018,0.04371
27.95,6,6.5544614,20.04,0.13018,0.04195
27.95,6,6.5544614,-266.4,0.8,0.3
27.95,6,6.5544614,-40,0.2508,0.05376
27.95,6,6.5544614,-92.64,0.4,0.095
27.95,6,6.5544614,-70.84,0.29993,0.06494
27.95,6,6.5544614,-11.7,0.2014,0.05866
27.95,6,6.5544614,19.82,0.1,0.0426
27.95,6,6.5544614,12.84,0.1,0.02768
27.95,6,6.5544614,-271.88,0.9994,0.19561
27.95,6,6.5544614,-15.12,0.1998,0.05463
27.95,6,6.5544614,-50.36,0.3,0.0593
27.95,6,6.5544614,-58.44,0.3,0.106
27.95,6,6.5544614,27.56,0.10014,0.03501
27.95,6,6.5544614,33.28,0.10014,0.03426
27.95,6,6.5544614,-178.94,0.5,0.2132
27.95,6,6.5544614,-151.16,0.5,0.15
27.95,6,6.5544614,35.46,0.1502,0.04501
27.95,6,6.5544614,1.44,0.15,0.03459
27.95,6,6.5544614,-3.82,0.12,0.03295
27.95,6,6.5544614,-37.24,0.24986,0.06002
27.95,6,6.5544614,-255.6,1.14,0.13391
27.95,6,6.5544614,-96.08,0.40007,0.075
27.95,6,6.5544614,-2.02,0.1482,0.04397
27.95,6,13.009115,26.6,0.13018,0.04371
27.95,6,13.009115,26.15,0.13018,0.04195
27.95,6,13.009115,-497.6,0.8,0.3
27.95,6,13.009115,-120.6,0.2508,0.05376
27.95,6,13.009115,-204.05,0.4,0.095
27.95,6,13.009115,-172.5,0.29993,0.06494
27.95,6,13.009115,-34.05,0.2014,0.05866
27.95,6,13.009115,24.9,0.1,0.0426
27.95,6,13.009115,18.75,0.1,0.02768
27.95,6,13.009115,-521.8,0.9994,0.19561
27.95,6,13.009115,-68.3,0.1998,0.05463
27.95,6,13.009115,-125.5,0.3,0.0593
27.95,6,13.009115,-156.75,0.3,0.106
27.95,6,13.009115,40.6,0.10014,0.03501
27.95,6,13.009115,35.1,0.10014,0.03426
27.95,6,13.009115,-343.15,0.5,0.2132
27.95,6,13.009115,-315.6,0.5,0.15
27.95,6,13.009115,24.7,0.1502,0.04501
27.95,6,13.009115,-0.95,0.15,0.03459
27.95,6,13.009115,-17.025,0.12,0.03295
27.95,6,13.009115,-118.1,0.24986,0.06002
27.95,6,13.009115,-511.05,1.14,0.13391
27.95,6,13.009115,-235.3,0.40007,0.075
27.95,6,13.009115,-4.45,0.1482,0.04397
27.95,6,1.301121,5.54,0.13018,0.04371
27.95,6,1.301121,6.26,0.13018,0.04195
27.95,6,1.301121,-39.32,0.8,0.3
27.95,6,1.301121,-1.4,0.2508,0.05376
27.95,6,1.301121,-12.86,0.4,0.095
27.95,6,1.301121,-6.02,0.29993,0.06494
27.95,6,1.301121,0.74,0.2014,0.05866
27.95,6,1.301121,5.46,0.1,0.0426
27.95,6,1.301121,3.7,0.1,0.02768
27.95,6,1.301121,-41.1,0.9994,0.19561
27.95,6,1.301121,3.16,0.1998,0.05463
27.95,6,1.301121,-4.94,0.3,0.0593
27.95,6,1.301121,-5.08,0.3,0.106
27.95,6,1.301121,7,0.10014,0.03501
27.95,6,1.301121,10.78,0.10014,0.03426
27.95,6,1.301121,-21.98,0.5,0.2132
27.95,6,1.301121,-20.32,0.5,0.15
27.95,6,1.301121,18.38,0.1502,0.04501
27.95,6,1.301121,2.82,0.15,0.03459
27.95,6,1.301121,2.55,0.12,0.03295
27.95,6,1.301121,-0.78,0.24986,0.06002
27.95,6,1.301121,-40.42,1.14,0.13391
27.95,6,1.301121,-5.4,0.40007,0.075
27.95,6,1.301121,2.08,0.1482,0.04397
27.95,24,2.6137436,10.7,0.13018,0.04371
27.95,24,2.6137436,12.96,0.13018,0.04195
27.95,24,2.6137436,-86.64,0.8,0.3
27.95,24,2.6137436,-5.36,0.2508,0.05376
27.95,24,2.6137436,-26.06,0.4,0.095
27.95,24,2.6137436,-14.86,0.29993,0.06494
27.95,24,2.6137436,0.4,0.2014,0.05866
27.95,24,2.6137436,9.94,0.1,0.0426
27.95,24,2.6137436,6.94,0.1,0.02768
27.95,24,2.6137436,-85.06,0.9994,0.19561
27.95,24,2.6137436,4.76,0.1998,0.05463
27.95,24,2.6137436,-12.88,0.3,0.0593
27.95,24,2.6137436,-12.34,0.3,0.106
27.95,24,2.6137436,14.28,0.10014,0.03501
27.95,24,2.6137436,20.66,0.10014,0.03426
27.95,24,2.6137436,-50.34,0.5,0.2132
27.95,24,2.6137436,-43.76,0.5,0.15
27.95,24,2.6137436,29.26,0.1502,0.04501
27.95,24,2.6137436,5.34,0.15,0.03459
27.95,24,2.6137436,1.32,0.12,0.03295
27.95,24,2.6137436,-3.04,0.24986,0.06002
27.95,24,2.6137436,-82.22,1.14,0.13391
27.95,24,2.6137436,-16.66,0.40007,0.075
27.95,24,2.6137436,3.12,0.1482,0.04397
27.95,24,6.5544614,19.78,0.13018,0.04371
27.95,24,6.5544614,20.46,0.13018,0.04195
27.95,24,6.5544614,-265.66,0.8,0.3
27.95,24,6.5544614,-42.4,0.2508,0.05376
27.95,24,6.5544614,-92.32,0.4,0.095
27.95,24,6.5544614,-73.24,0.29993,0.06494
27.95,24,6.5544614,-12.22,0.2014,0.05866
27.95,24,6.5544614,17.96,0.1,0.0426
27.95,24,6.5544614,11.96,0.1,0.02768
27.95,24,6.5544614,-271.92,0.9994,0.19561
27.95,24,6.5544614,-16.12,0.1998,0.05463
27.95,24,6.5544614,-53.72,0.3,0.0593
27.95,24,6.5544614,-59.08,0.3,0.106
27.95,24,6.5544614,28.96,0.10014,0.03501
27.95,24,6.5544614,29.9,0.10014,0.03426
27.95,24,6.5544614,-178.06,0.5,0.2132
27.95,24,6.5544614,-150.74,0.5,0.15
27.95,24,6.5544614,32.34,0.1502,0.04501
27.95,24,6.5544614,2.86,0.15,0.03459
27.95,24,6.5544614,-6.79,0.12,0.03295
27.95,24,6.5544614,-40.34,0.24986,0.06002
27.95,24,6.5544614,-255.54,1.14,0.13391
27.95,24,6.5544614,-96.92,0.40007,0.075
27.95,24,6.5544614,-1.08,0.1482,0.04397
27.95,24,13.009115,27.35,0.13018,0.04371
27.95,24,13.009115,23.35,0.13018,0.04195
27.95,24,13.009115,-468,0.8,0.3
27.95,24,13.009115,-113.25,0.2508,0.05376
27.95,24,13.009115,-191.55,0.4,0.095
27.95,24,13.009115,-162.5,0.29993,0.06494
27.95,24,13.009115,-28.6,0.2014,0.05866
27.95,24,13.009115,22.95,0.1,0.0426
27.95,24,13.009115,16.95,0.1,0.02768
27.95,24,13.009115,-490.85,0.9994,0.19561
27.95,24,13.009115,-60.95,0.1998,0.05463
27.95,24,13.009115,-119.7,0.3,0.0593
27.95,24,13.009115,-145.95,0.3,0.106
27.95,24,13.009115,39.9,0.10014,0.03501
27.95,24,13.009115,30.5,0.10014,0.03426
27.95,24,13.009115,-323.05,0.5,0.2132
27.95,24,13.009115,-297.6,0.5,0.15
27.95,24,13.009115,17.85,0.1502,0.04501
27.95,24,13.009115,-0.9,0.15,0.03459
27.95,24,13.009115,-20.05,0.12,0.03295
27.95,24,13.009115,-112.8,0.24986,0.06002
27.95,24,13.009115,-482.45,1.14,0.13391
27.95,24,13.009115,-223.85,0.40007,0.075
27.95,24,13.009115,-5.65,0.1482,0.04397
27.95,24,1.301121,6.58,0.13018,0.04371
27.95,24,1.301121,7.36,0.13018,0.04195
27.95,24,1.301121,-39.22,0.8,0.3
27.95,24,1.301121,-1.42,0.2508,0.05376
27.95,24,1.301121,-12.72,0.4,0.095
27.95,24,1.301121,-5.92,0.29993,0.06494
27.95,24,1.301121,0.66,0.2014,0.05866
27.95,24,1.301121,5.92,0.1,0.0426
27.95,24,1.301121,4.74,0.1,0.02768
27.95,24,1.301121,-40.98,0.9994,0.19561
27.95,24,1.301121,3.16,0.1998,0.05463
27.95,24,1.301121,-5.22,0.3,0.0593
27.95,24,1.301121,-5.24,0.3,0.106
27.95,24,1.301121,8.4,0.10014,0.03501
27.95,24,1.301121,12.22,0.10014,0.03426
27.95,24,1.301121,-21.92,0.5,0.2132
27.95,24,1.301121,-20.14,0.5,0.15
27.95,24,1.301121,17.94,0.1502,0.04501
27.95,24,1.301121,3.9,0.15,0.03459
27.95,24,1.301121,2.37,0.12,0.03295
27.95,24,1.301121,-0.82,0.24986,0.06002
27.95,24,1.301121,-40.42,1.14,0.13391
27.95,24,1.301121,-5.9,0.40007,0.075
27.95,24,1.301121,2.48,0.1482,0.04397
7.15,0,2.0546198,22.8,0.13018,0.04371
7.15,0,2.0546198,26.24,0.13018,0.04195
7.15,0,2.0546198,-114.38,0.8,0.3
7.15,0,2.0546198,6.02,0.2508,0.05376
7.15,0,2.0546198,-28.78,0.4,0.095
7.15,0,2.0546198,-6.08,0.29993,0.06494
7.15,0,2.0546198,9.52,0.2014,0.05866
7.15,0,2.0546198,20.42,0.1,0.0426
7.15,0,2.0546198,17.04,0.1,0.02768
7.15,0,2.0546198,-106.38,0.9994,0.19561
7.15,0,2.0546198,18.5,0.1998,0.05463
7.15,0,2.0546198,-7.74,0.3,0.0593
7.15,0,2.0546198,-7.28,0.3,0.106
7.15,0,2.0546198,26.32,0.10014,0.03501
7.15,0,2.0546198,42.42,0.10014,0.03426
7.15,0,2.0546198,-62.54,0.5,0.2132
7.15,0,2.0546198,-52.7,0.5,0.15
7.15,0,2.0546198,69.26,0.1502,0.04501
7.15,0,2.0546198,14.28,0.15,0.03459
7.15,0,2.0546198,19.46,0.12,0.03295
7.15,0,2.0546198,7.3,0.24986,0.06002
7.15,0,2.0546198,-96.74,1.14,0.13391
7.15,0,2.0546198,-11.46,0.40007,0.075
7.15,0,2.0546198,10.76,0.1482,0.04397
7.15,0,3.125909,38.14,0.13018,0.04371
7.15,0,3.125909,46.28,0.13018,0.04195
7.15,0,3.125909,-267.94,0.8,0.3
7.15,0,3.125909,6,0.2508,0.05376
7.15,0,3.125909,-63.56,0.4,0.095
7.15,0,3.125909,-33.64,0.29993,0.06494
7.15,0,3.125909,13.4,0.2014,0.05866
7.15,0,3.125909,32.78,0.1,0.0426
7.15,0,3.125909,25.22,0.1,0.02768
7.15,0,3.125909,-274.1,0.9994,0.19561
7.15,0,3.125909,28.12,0.1998,0.05463
7.15,0,3.125909,-15.38,0.3,0.0593
7.15,0,3.125909,-28.74,0.3,0.106
7.15,0,3.125909,44.46,0.10014,0.03501
7.15,0,3.125909,66.5,0.10014,0.03426
7.15,0,3.125909,-167.24,0.5,0.2132
7.15,0,3.125909,-134.76,0.5,0.15
7.15,0,3.125909,92.86,0.1502,0.04501
7.15,0,3.125909,22.94,0.15,0.03459
7.15,0,3.125909,32.79,0.12,0.03295
7.15,0,3.125909,11.72,0.24986,0.06002
7.15,0,3.125909,-246.44,1.14,0.13391
7.15,0,3.125909,-58.96,0.40007,0.075
7.15,0,3.125909,14.24,0.1482,0.04397
7.15,0,3.3724386,37.98,0.13018,0.04371
7.15,0,3.3724386,45.86,0.13018,0.04195
7.15,0,3.3724386,-321.3,0.8,0.3
7.15,0,3.3724386,-24.6,0.2508,0.05376
7.15,0,3.3724386,-94.42,0.4,0.095
7.15,0,3.3724386,-73.92,0.29993,0.06494
7.15,0,3.3724386,2.92,0.2014,0.05866
7.15,0,3.3724386,32.56,0.1,0.0426
7.15,0,3.3724386,28.74,0.1,0.02768
7.15,0,3.3724386,-348.04,0.9994,0.19561
7.15,0,3.3724386,3.28,0.1998,0.05463
7.15,0,3.3724386,-36.3,0.3,0.0593
7.15,0,3.3724386,-67.7,0.3,0.106
7.15,0,3.3724386,47.38,0.10014,0.03501
7.15,0,3.3724386,65.6,0.10014,0.03426
7.15,0,3.3724386,-195.48,0.5,0.2132
7.15,0,3.3724386,-176.44,0.5,0.15
7.15,0,3.3724386,65.66,0.1502,0.04501
7.15,0,3.3724386,22.4,0.15,0.03459
7.15,0,3.3724386,32.31,0.12,0.03295
7.15,0,3.3724386,-23.42,0.24986,0.06002
7.15,0,3.3724386,-338.26,1.14,0.13391
7.15,0,3.3724386,-105.44,0.40007,0.075
7.15,0,3.3724386,12.34,0.1482,0.04397
7.15,0,1.0184351,11,0.13018,0.04371
7.15,0,1.0184351,12.88,0.13018,0.04195
7.15,0,1.0184351,-47.24,0.8,0.3
7.15,0,1.0184351,4.18,0.2508,0.05376
7.15,0,1.0184351,-11.94,0.4,0.095
7.15,0,1.0184351,-1.64,0.29993,0.06494
7.15,0,1.0184351,5.5,0.2014,0.05866
7.15,0,1.0184351,10.76,0.1,0.0426
7.15,0,1.0184351,9.28,0.1,0.02768
7.15,0,1.0184351,-46.12,0.9994,0.19561
7.15,0,1.0184351,9.54,0.1998,0.05463
7.15,0,1.0184351,-2.12,0.3,0.0593
7.15,0,1.0184351,-1.88,0.3,0.106
7.15,0,1.0184351,13.56,0.10014,0.03501
7.15,0,1.0184351,24.6,0.10014,0.03426
7.15,0,1.0184351,-23.64,0.5,0.2132
7.15,0,1.0184351,-21.88,0.5,0.15
7.15,0,1.0184351,39.68,0.1502,0.04501
7.15,0,1.0184351,7.12,0.15,0.03459
7.15,0,1.0184351,9.85,0.12,0.03295
7.15,0,1.0184351,4.36,0.24986,0.06002
7.15,0,1.0184351,-44.56,1.14,0.13391
7.15,0,1.0184351,4.36,0.40007,0.075
7.15,0,1.0184351,6.04,0.1482,0.04397
7.15,0.5,2.0546198,18.18,0.13018,0.04371
7.15,0.5,2.0546198,20.82,0.13018,0.04195
7.15,0.5,2.0546198,-64.56,0.8,0.3
7.15,0.5,2.0546198,6.4,0.2508,0.05376
7.15,0.5,2.0546198,-14.92,0.4,0.095
7.15,0.5,2.0546198,-0.64,0.29993,0.06494
7.15,0.5,2.0546198,8.34,0.2014,0.05866
7.15,0.5,2.0546198,15.52,0.1,0.0426
7.15,0.5,2.0546198,13.46,0.1,0.02768
7.15,0.5,2.0546198,-61.62,0.9994,0.19561
7.15,0.5,2.0546198,13.78,0.1998,0.05463
7.15,0.5,2.0546198,-0.58,0.3,0.0593
7.15,0.5,2.0546198,-1.52,0.3,0.106
7.15,0.5,2.0546198,20.26,0.10014,0.03501
7.15,0.5,2.0546198,33.6,0.10014,0.03426
7.15,0.5,2.0546198,-33.14,0.5,0.2132
7.15,0.5,2.0546198,-30.16,0.5,0.15
7.15,0.5,2.0546198,56.18,0.1502,0.04501
7.15,0.5,2.0546198,12.58,0.15,0.03459
7.15,0.5,2.0546198,14.18,0.12,0.03295
7.15,0.5,2.0546198,7.1,0.24986,0.06002
7.15,0.5,2.0546198,-58,1.14,0.13391
7.15,0.5,2.0546198,9.14,0.40007,0.075
7.15,0.5,2.0546198,10.58,0.1482,0.04397
7.15,0.5,3.125909,32.52,0.13018,0.04371
7.15,0.5,3.125909,36.32,0.13018,0.04195
7.15,0.5,3.125909,-154.88,0.8,0.3
7.15,0.5,3.125909,17.6,0.2508,0.05376
7.15,0.5,3.125909,-26.88,0.4,0.095
7.15,0.5,3.125909,-1.38,0.29993,0.06494
7.15,0.5,3.125909,16.98,0.2014,0.05866
7.15,0.5,3.125909,27.86,0.1,0.0426
7.15,0.5,3.125909,22.64,0.1,0.02768
7.15,0.5,3.125909,-149.5,0.9994,0.19561
7.15,0.5,3.125909,31.56,0.1998,0.05463
7.15,0.5,3.125909,1.34,0.3,0.0593
7.15,0.5,3.125909,-1.56,0.3,0.106
7.15,0.5,3.125909,37.02,0.10014,0.03501
7.15,0.5,3.125909,60.66,0.10014,0.03426
7.15,0.5,3.125909,-82.62,0.5,0.2132
7.15,0.5,3.125909,-64.56,0.5,0.15
7.15,0.5,3.125909,92.44,0.1502,0.04501
7.15,0.5,3.125909,21.46,0.15,0.03459
7.15,0.5,3.125909,25.08,0.12,0.03295
7.15,0.5,3.125909,19.92,0.24986,0.06002
7.15,0.5,3.125909,-131.92,1.14,0.13391
7.15,0.5,3.125909,-12.54,0.40007,0.075
7.15,0.5,3.125909,16.62,0.1482,0.04397
7.15,0.5,3.3724386,33.66,0.13018,0.04371
7.15,0.5,3.3724386,39.12,0.13018,0.04195
7.15,0.5,3.3724386,-195,0.8,0.3
7.15,0.5,3.3724386,12.78,0.2508,0.05376
7.15,0.5,3.3724386,-41.54,0.4,0.095
7.15,0.5,3.3724386,-19.02,0.29993,0.06494
7.15,0.5,3.3724386,13.78,0.2014,0.05866
7.15,0.5,3.3724386,28.68,0.1,0.0426
7.15,0.5,3.3724386,24.34,0.1,0.02768
7.15,0.5,3.3724386,-208.48,0.9994,0.19561
7.15,0.5,3.3724386,28.92,0.1998,0.05463
7.15,0.5,3.3724386,-4.04,0.3,0.0593
7.15,0.5,3.3724386,-17.74,0.3,0.106
7.15,0.5,3.3724386,38.5,0.10014,0.03501
7.15,0.5,3.3724386,59.94,0.10014,0.03426
7.15,0.5,3.3724386,-115.38,0.5,0.2132
7.15,0.5,3.3724386,-95.16,0.5,0.15
7.15,0.5,3.3724386,78.26,0.1502,0.04501
7.15,0.5,3.3724386,23.22,0.15,0.03459
7.15,0.5,3.3724386,26.22,0.12,0.03295
7.15,0.5,3.3724386,14.54,0.24986,0.06002
7.15,0.5,3.3724386,-191.14,1.14,0.13391
7.15,0.5,3.3724386,-35.24,0.40007,0.075
7.15,0.5,3.3724386,16.16,0.1482,0.04397
7.15,0.5,1.0184351,8,0.13018,0.04371
7.15,0.5,1.0184351,10.5,0.13018,0.04195
7.15,0.5,1.0184351,-26.3,0.8,0.3
7.15,0.5,1.0184351,3.04,0.2508,0.05376
7.15,0.5,1.0184351,-5.98,0.4,0.095
7.15,0.5,1.0184351,-0.14,0.29993,0.06494
7.15,0.5,1.0184351,4.06,0.2014,0.05866
7.15,0.5,1.0184351,7.66,0.1,0.0426
7.15,0.5,1.0184351,6.7,0.1,0.02768
7.15,0.5,1.0184351,-26.52,0.9994,0.19561
7.15,0.5,1.0184351,6.42,0.1998,0.05463
7.15,0.5,1.0184351,1.32,0.3,0.0593
7.15,0.5,1.0184351,-0.34,0.3,0.106
7.15,0.5,1.0184351,9.7,0.10014,0.03501
7.15,0.5,1.0184351,17.8,0.10014,0.03426
7.15,0.5,1.0184351,-12.8,0.5,0.2132
7.15,0.5,1.0184351,-12.08,0.5,0.15
7.15,0.5,1.0184351,28.38,0.1502,0.04501
7.15,0.5,1.0184351,5.18,0.15,0.03459
7.15,0.5,1.0184351,6.76,0.12,0.03295
7.15,0.5,1.0184351,3.08,0.24986,0.06002
7.15,0.5,1.0184351,-26.12,1.14,0.13391
7.15,0.5,1.0184351,10.34,0.40007,0.075
7.15,0.5,1.0184351,4.36,0.1482,0.04397
7.15,2,2.0546198,10.14,0.13018,0.04371
7.15,2,2.0546198,13.8,0.13018,0.04195
7.15,2,2.0546198,-25.24,0.8,0.3
7.15,2,2.0546198,4.78,0.2508,0.05376
7.15,2,2.0546198,-4.7,0.4,0.095
7.15,2,2.0546198,1.42,0.29993,0.06494
7.15,2,2.0546198,6.38,0.2014,0.05866
7.15,2,2.0546198,8.82,0.1,0.0426
7.15,2,2.0546198,7.6,0.1,0.02768
7.15,2,2.0546198,-25.46,0.9994,0.19561
7.15,2,2.0546198,8.8,0.1998,0.05463
7.15,2,2.0546198,3.18,0.3,0.0593
7.15,2,2.0546198,1.22,0.3,0.106
7.15,2,2.0546198,10.86,0.10014,0.03501
7.15,2,2.0546198,19.56,0.10014,0.03426
7.15,2,2.0546198,-10.86,0.5,0.2132
7.15,2,2.0546198,-10.24,0.5,0.15
7.15,2,2.0546198,32.62,0.1502,0.04501
7.15,2,2.0546198,7.84,0.15,0.03459
7.15,2,2.0546198,7.59,0.12,0.03295
7.15,2,2.0546198,4.94,0.24986,0.06002
7.15,2,2.0546198,-24.74,1.14,0.13391
7.15,2,2.0546198,15.52,0.40007,0.075
7.15,2,2.0546198,6.96,0.1482,0.04397
7.15,2,3.125909,19.72,0.13018,0.04371
7.15,2,3.125909,22.88,0.13018,0.04195
7.15,2,3.125909,-66.44,0.8,0.3
7.15,2,3.125909,12.58,0.2508,0.05376
7.15,2,3.125909,-8.44,0.4,0.095
7.15,2,3.125909,5.16,0.29993,0.06494
7.15,2,3.125909,12,0.2014,0.05866
7.15,2,3.125909,16.54,0.1,0.0426
7.15,2,3.125909,14.22,0.1,0.02768
7.15,2,3.125909,-62.92,0.9994,0.19561
7.15,2,3.125909,18.42,0.1998,0.05463
7.15,2,3.125909,6.36,0.3,0.0593
7.15,2,3.125909,4.08,0.3,0.106
7.15,2,3.125909,21.02,0.10014,0.03501
7.15,2,3.125909,36.78,0.10014,0.03426
7.15,2,3.125909,-28.54,0.5,0.2132
7.15,2,3.125909,-24.48,0.5,0.15
7.15,2,3.125909,60.8,0.1502,0.04501
7.15,2,3.125909,13.3,0.15,0.03459
7.15,2,3.125909,13.71,0.12,0.03295
7.15,2,3.125909,12.88,0.24986,0.06002
7.15,2,3.125909,-58.2,1.14,0.13391
7.15,2,3.125909,13.2,0.40007,0.075
7.15,2,3.125909,12.22,0.1482,0.04397
7.15,2,3.3724386,23.88,0.13018,0.04371
7.15,2,3.3724386,27.04,0.13018,0.04195
7.15,2,3.3724386,-93.86,0.8,0.3
7.15,2,3.3724386,17.96,0.2508,0.05376
7.15,2,3.3724386,-10.64,0.4,0.095
7.15,2,3.3724386,6.24,0.29993,0.06494
7.15,2,3.3724386,14.96,0.2014,0.05866
7.15,2,3.3724386,19.02,0.1,0.0426
7.15,2,3.3724386,16.92,0.1,0.02768
7.15,2,3.3724386,-93.66,0.9994,0.19561
7.15,2,3.3724386,25.26,0.1998,0.05463
7.15,2,3.3724386,7.02,0.3,0.0593
7.15,2,3.3724386,4.04,0.3,0.106
7.15,2,3.3724386,25.36,0.10014,0.03501
7.15,2,3.3724386,42.86,0.10014,0.03426
7.15,2,3.3724386,-45.66,0.5,0.2132
7.15,2,3.3724386,-33.54,0.5,0.15
7.15,2,3.3724386,65.88,0.1502,0.04501
7.15,2,3.3724386,17.34,0.15,0.03459
7.15,2,3.3724386,16.1,0.12,0.03295
7.15,2,3.3724386,17.98,0.24986,0.06002
7.15,2,3.3724386,-82,1.14,0.13391
7.15,2,3.3724386,0.7,0.40007,0.075
7.15,2,3.3724386,14.84,0.1482,0.04397
7.15,2,1.0184351,4.84,0.13018,0.04371
7.15,2,1.0184351,6.84,0.13018,0.04195
7.15,2,1.0184351,-11.9,0.8,0.3
7.15,2,1.0184351,2.16,0.2508,0.05376
7.15,2,1.0184351,-2.4,0.4,0.095
7.15,2,1.0184351,0.56,0.29993,0.06494
7.15,2,1.0184351,2.98,0.2014,0.05866
7.15,2,1.0184351,4.4,0.1,0.0426
7.15,2,1.0184351,4,0.1,0.02768
7.15,2,1.0184351,-12.6,0.9994,0.19561
7.15,2,1.0184351,3.92,0.1998,0.05463
7.15,2,1.0184351,2.48,0.3,0.0593
7.15,2,1.0184351,0.54,0.3,0.106
7.15,2,1.0184351,5.54,0.10014,0.03501
7.15,2,1.0184351,10.72,0.10014,0.03426
7.15,2,1.0184351,-5.34,0.5,0.2132
7.15,2,1.0184351,-5.16,0.5,0.15
7.15,2,1.0184351,17.18,0.1502,0.04501
7.15,2,1.0184351,3.42,0.15,0.03459
7.15,2,1.0184351,3.96,0.12,0.03295
7.15,2,1.0184351,2.24,0.24986,0.06002
7.15,2,1.0184351,-12.62,1.14,0.13391
7.15,2,1.0184351,9.06,0.40007,0.075
7.15,2,1.0184351,3,0.1482,0.04397
7.15,6,2.0546198,10.1,0.13018,0.04371
7.15,6,2.0546198,13.34,0.13018,0.04195
7.15,6,2.0546198,-23.7,0.8,0.3
7.15,6,2.0546198,5.1,0.2508,0.05376
7.15,6,2.0546198,-4.24,0.4,0.095
7.15,6,2.0546198,1.48,0.29993,0.06494
7.15,6,2.0546198,6.2,0.2014,0.05866
7.15,6,2.0546198,8.54,0.1,0.0426
7.15,6,2.0546198,7.52,0.1,0.02768
7.15,6,2.0546198,-24.24,0.9994,0.19561
7.15,6,2.0546198,8.22,0.1998,0.05463
7.15,6,2.0546198,3.28,0.3,0.0593
7.15,6,2.0546198,1.34,0.3,0.106
7.15,6,2.0546198,10.96,0.10014,0.03501
7.15,6,2.0546198,18.68,0.10014,0.03426
7.15,6,2.0546198,-10.32,0.5,0.2132
7.15,6,2.0546198,-9.68,0.5,0.15
7.15,6,2.0546198,30.88,0.1502,0.04501
7.15,6,2.0546198,7.46,0.15,0.03459
7.15,6,2.0546198,7.54,0.12,0.03295
7.15,6,2.0546198,5.16,0.24986,0.06002
7.15,6,2.0546198,-23.44,1.14,0.13391
7.15,6,2.0546198,15.06,0.40007,0.075
7.15,6,2.0546198,6.76,0.1482,0.04397
7.15,6,3.125909,19.5,0.13018,0.04371
7.15,6,3.125909,22.56,0.13018,0.04195
7.15,6,3.125909,-63.3,0.8,0.3
7.15,6,3.125909,12.62,0.2508,0.05376
7.15,6,3.125909,-7.82,0.4,0.095
7.15,6,3.125909,5.56,0.29993,0.06494
7.15,6,3.125909,12.12,0.2014,0.05866
7.15,6,3.125909,16.36,0.1,0.0426
7.15,6,3.125909,14.2,0.1,0.02768
7.15,6,3.125909,-59.9,0.9994,0.19561
7.15,6,3.125909,18.32,0.1998,0.05463
7.15,6,3.125909,6.76,0.3,0.0593
7.15,6,3.125909,4.76,0.3,0.106
7.15,6,3.125909,20.98,0.10014,0.03501
7.15,6,3.125909,35.68,0.10014,0.03426
7.15,6,3.125909,-26.9,0.5,0.2132
7.15,6,3.125909,-23.06,0.5,0.15
7.15,6,3.125909,58.24,0.1502,0.04501
7.15,6,3.125909,13.54,0.15,0.03459
7.15,6,3.125909,13.41,0.12,0.03295
7.15,6,3.125909,13.04,0.24986,0.06002
7.15,6,3.125909,-55.72,1.14,0.13391
7.15,6,3.125909,13.48,0.40007,0.075
7.15,6,3.125909,12.02,0.1482,0.04397
7.15,6,3.3724386,22.74,0.13018,0.04371
7.15,6,3.3724386,26.46,0.13018,0.04195
7.15,6,3.3724386,-89.1,0.8,0.3
7.15,6,3.3724386,17.06,0.2508,0.05376
7.15,6,3.3724386,-9.88,0.4,0.095
7.15,6,3.3724386,6.3,0.29993,0.06494
7.15,6,3.3724386,14.5,0.2014,0.05866
7.15,6,3.3724386,18.34,0.1,0.0426
7.15,6,3.3724386,16.18,0.1,0.02768
7.15,6,3.3724386,-88.32,0.9994,0.19561
7.15,6,3.3724386,24.22,0.1998,0.05463
7.15,6,3.3724386,7.66,0.3,0.0593
7.15,6,3.3724386,4.3,0.3,0.106
7.15,6,3.3724386,24.42,0.10014,0.03501
7.15,6,3.3724386,40.94,0.10014,0.03426
7.15,6,3.3724386,-42.38,0.5,0.2132
7.15,6,3.3724386,-31.24,0.5,0.15
7.15,6,3.3724386,62.9,0.1502,0.04501
7.15,6,3.3724386,17,0.15,0.03459
7.15,6,3.3724386,15.21,0.12,0.03295
7.15,6,3.3724386,17.26,0.24986,0.06002
7.15,6,3.3724386,-77.84,1.14,0.13391
7.15,6,3.3724386,1.52,0.40007,0.075
7.15,6,3.3724386,13.66,0.1482,0.04397
7.15,6,1.0184351,4.64,0.13018,0.04371
7.15,6,1.0184351,6.84,0.13018,0.04195
7.15,6,1.0184351,-11.42,0.8,0.3
7.15,6,1.0184351,2.02,0.2508,0.05376
7.15,6,1.0184351,-2.1,0.4,0.095
7.15,6,1.0184351,0.62,0.29993,0.06494
7.15,6,1.0184351,2.82,0.2014,0.05866
7.15,6,1.0184351,4.32,0.1,0.0426
7.15,6,1.0184351,3.94,0.1,0.02768
7.15,6,1.0184351,-12.04,0.9994,0.19561
7.15,6,1.0184351,3.66,0.1998,0.05463
7.15,6,1.0184351,2.18,0.3,0.0593
7.15,6,1.0184351,0.54,0.3,0.106
7.15,6,1.0184351,5.52,0.10014,0.03501
7.15,6,1.0184351,10.28,0.10014,0.03426
7.15,6,1.0184351,-5.1,0.5,0.2132
7.15,6,1.0184351,-4.88,0.5,0.15
7.15,6,1.0184351,16.36,0.1502,0.04501
7.15,6,1.0184351,3.58,0.15,0.03459
7.15,6,1.0184351,3.64,0.12,0.03295
7.15,6,1.0184351,2.02,0.24986,0.06002
7.15,6,1.0184351,-12.04,1.14,0.13391
7.15,6,1.0184351,9.12,0.40007,0.075
7.15,6,1.0184351,2.98,0.1482,0.04397
7.15,24,2.0546198,10.86,0.13018,0.04371
7.15,24,2.0546198,14.12,0.13018,0.04195
7.15,24,2.0546198,-23.62,0.8,0.3
7.15,24,2.0546198,5.3,0.2508,0.05376
7.15,24,2.0546198,-4.3,0.4,0.095
7.15,24,2.0546198,1.7,0.29993,0.06494
7.15,24,2.0546198,6.32,0.2014,0.05866
7.15,24,2.0546198,9.16,0.1,0.0426
7.15,24,2.0546198,8.58,0.1,0.02768
7.15,24,2.0546198,-24.18,0.9994,0.19561
7.15,24,2.0546198,8.56,0.1998,0.05463
7.15,24,2.0546198,3.38,0.3,0.0593
7.15,24,2.0546198,1.64,0.3,0.106
7.15,24,2.0546198,12.36,0.10014,0.03501
7.15,24,2.0546198,19.74,0.10014,0.03426
7.15,24,2.0546198,-10.06,0.5,0.2132
7.15,24,2.0546198,-9.44,0.5,0.15
7.15,24,2.0546198,30.3,0.1502,0.04501
7.15,24,2.0546198,8.36,0.15,0.03459
7.15,24,2.0546198,8.1,0.12,0.03295
7.15,24,2.0546198,5.48,0.24986,0.06002
7.15,24,2.0546198,-23.5,1.14,0.13391
7.15,24,2.0546198,14.32,0.40007,0.075
7.15,24,2.0546198,7.22,0.1482,0.04397
7.15,24,3.125909,20.68,0.13018,0.04371
7.15,24,3.125909,25.1,0.13018,0.04195
7.15,24,3.125909,-63.14,0.8,0.3
7.15,24,3.125909,12.24,0.2508,0.05376
7.15,24,3.125909,-7.6,0.4,0.095
7.15,24,3.125909,5.46,0.29993,0.06494
7.15,24,3.125909,12.64,0.2014,0.05866
7.15,24,3.125909,17.4,0.1,0.0426
7.15,24,3.125909,15.7,0.1,0.02768
7.15,24,3.125909,-59.68,0.9994,0.19561
7.15,24,3.125909,18.64,0.1998,0.05463
7.15,24,3.125909,7.5,0.3,0.0593
7.15,24,3.125909,4.78,0.3,0.106
7.15,24,3.125909,23.38,0.10014,0.03501
7.15,24,3.125909,36.86,0.10014,0.03426
7.15,24,3.125909,-26.66,0.5,0.2132
7.15,24,3.125909,-23,0.5,0.15
7.15,24,3.125909,55.72,0.1502,0.04501
7.15,24,3.125909,15.76,0.15,0.03459
7.15,24,3.125909,14.3,0.12,0.03295
7.15,24,3.125909,12.72,0.24986,0.06002
7.15,24,3.125909,-55.62,1.14,0.13391
7.15,24,3.125909,12.82,0.40007,0.075
7.15,24,3.125909,13.04,0.1482,0.04397
7.15,24,3.3724386,24.84,0.13018,0.04371
7.15,24,3.3724386,29.34,0.13018,0.04195
7.15,24,3.3724386,-88.76,0.8,0.3
7.15,24,3.3724386,16.22,0.2508,0.05376
7.15,24,3.3724386,-9.22,0.4,0.095
7.15,24,3.3724386,5.56,0.29993,0.06494
7.15,24,3.3724386,14.82,0.2014,0.05866
7.15,24,3.3724386,19.12,0.1,0.0426
7.15,24,3.3724386,17.62,0.1,0.02768
7.15,24,3.3724386,-88.32,0.9994,0.19561
7.15,24,3.3724386,24.3,0.1998,0.05463
7.15,24,3.3724386,8.16,0.3,0.0593
7.15,24,3.3724386,4.06,0.3,0.106
7.15,24,3.3724386,26.92,0.10014,0.03501
7.15,24,3.3724386,41.9,0.10014,0.03426
7.15,24,3.3724386,-41.32,0.5,0.2132
7.15,24,3.3724386,-30.88,0.5,0.15
7.15,24,3.3724386,60.18,0.1502,0.04501
7.15,24,3.3724386,18.82,0.15,0.03459
7.15,24,3.3724386,15.99,0.12,0.03295
7.15,24,3.3724386,16.44,0.24986,0.06002
7.15,24,3.3724386,-77.7,1.14,0.13391
7.15,24,3.3724386,2,0.40007,0.075
7.15,24,3.3724386,14.36,0.1482,0.04397
7.15,24,1.0184351,5.46,0.13018,0.04371
7.15,24,1.0184351,7.14,0.13018,0.04195
7.15,24,1.0184351,-11.26,0.8,0.3
7.15,24,1.0184351,2.14,0.2508,0.05376
7.15,24,1.0184351,-2.04,0.4,0.095
7.15,24,1.0184351,0.48,0.29993,0.06494
7.15,24,1.0184351,2.96,0.2014,0.05866
7.15,24,1.0184351,4.82,0.1,0.0426
7.15,24,1.0184351,4.46,0.1,0.02768
7.15,24,1.0184351,-12.08,0.9994,0.19561
7.15,24,1.0184351,4,0.1998,0.05463
7.15,24,1.0184351,2.1,0.3,0.0593
7.15,24,1.0184351,0.42,0.3,0.106
7.15,24,1.0184351,6.34,0.10014,0.03501
7.15,24,1.0184351,11.16,0.10014,0.03426
7.15,24,1.0184351,-5.02,0.5,0.2132
7.15,24,1.0184351,-4.76,0.5,0.15
7.15,24,1.0184351,16.94,0.1502,0.04501
7.15,24,1.0184351,4.18,0.15,0.03459
7.15,24,1.0184351,4.23,0.12,0.03295
7.15,24,1.0184351,2.28,0.24986,0.06002
7.15,24,1.0184351,-12.08,1.14,0.13391
7.15,24,1.0184351,9.04,0.40007,0.075
7.15,24,1.0184351,3.16,0.1482,0.04397
